Bastogne           Bastogne         Houffalize         Houffalize       St_Vith            St.-Vith          Gouvy              Gouvy            Vielsalm           Vielsalm         Manhay             Manhay           Laroche            Laroche          Hotton             Hotton           Ortheuville        Ortheuville      Noville            Noville          Clervaux           Clervaux         Hosingen           Hosingen         Consthum           Consthum         Wilz               Wilz             Ouren              Ouren            Eindhoven          Eindhoven        Metzbroek          Metzbroek        Asth               Asth             Bonn-Hangelan      Bonn-Hangelan    Merzhausen         Merzhausen       Frankfurt          Francfort        Mainz              Mayence            Bertogne           Bertogne         Renuamont          Renuamont        Mande_St_Etienne   Mande St.-EtienneChegnogne          Chegnogne        Margerotte         Margerotte       MOrhet             Morhet           Assenois           Assenois         Remoifosse         Remoifosse       Recogne            Recogne          Foy                Foy              Bourcy             Bourcy           Longvilly          Longvilly        Wardin             Wardin           Dochamps           Dochamps         